<?xml version="1.0" encoding="UTF-8"?>
<!DOCTYPE hibernate-mapping PUBLIC "-//Hibernate/Hibernate Mapping DTD 3.0//EN" "http://hibernate.sourceforge.net/hibernate-mapping-3.0.dtd">

<hibernate-mapping>
  <class name="entities.Food" table="food">
      <id name = "foodId" type = "int" column = "foodID">
         <generator class="native"/>
      </id>
      
      <property name = "name" column = "name" type = "string"/>
      <property name = "portion" column = "portion" type = "string"/>
      <property name = "price" column = "price" type = "float"/>
  </class>
</hibernate-mapping>
